{
    "GlobalConfiguration": {
        "ServiceDiscoveryProvider": {
            "Host": "127.0.0.1",
            "Port": 7500,
            "Type": "Consul"
        }
    },
    "Routes": [
        {
            "DownstreamPathTemplate": "/api/System/{url}",
            "DownstreamScheme": "http",
            "LoadBalancerOptions": {
                "Type": "RoundRobin"
            },
            "ServiceName": "SystemWebAPI",
            "UpstreamHttpMethod": [
                "Get",
                "Post"
            ],
            "UpstreamPathTemplate": "/api/System/{url}",
            "UseServiceDiscovery": true
        },
        {
            "DownstreamPathTemplate": "/System/swagger.json",
            "DownstreamScheme": "http",
            "LoadBalancerOptions": {
                "Type": "RoundRobin"
            },
            "ServiceName": "SystemWebAPI",
            "UpstreamHttpMethod": [
                "Get",
                "Post"
            ],
            "UpstreamPathTemplate": "/System/swagger.json",
            "UseServiceDiscovery": true
        },
        {
            "DownstreamPathTemplate": "/api/BarcodeCenter/{url}",
            "DownstreamScheme": "http",
            "LoadBalancerOptions": {
                "Type": "RoundRobin"
            },
            "ServiceName": "BarcodeCenterWebAPI",
            "UpstreamHttpMethod": [
                "Get",
                "Post"
            ],
            "UpstreamPathTemplate": "/api/BarcodeCenter/{url}",
            "UseServiceDiscovery": true
        },
        {
            "DownstreamPathTemplate": "/BarcodeCenter/swagger.json",
            "DownstreamScheme": "http",
            "LoadBalancerOptions": {
                "Type": "RoundRobin"
            },
            "ServiceName": "BarcodeCenterWebAPI",
            "UpstreamHttpMethod": [
                "Get",
                "Post"
            ],
            "UpstreamPathTemplate": "/BarcodeCenter/swagger.json",
            "UseServiceDiscovery": true
        },
        {
            "DownstreamPathTemplate": "/api/BasicData/{url}",
            "DownstreamScheme": "http",
            "LoadBalancerOptions": {
                "Type": "RoundRobin"
            },
            "ServiceName": "BasicDataWebAPI",
            "UpstreamHttpMethod": [
                "Get",
                "Post"
            ],
            "UpstreamPathTemplate": "/api/BasicData/{url}",
            "UseServiceDiscovery": true
        },
        {
            "DownstreamPathTemplate": "/BasicData/swagger.json",
            "DownstreamScheme": "http",
            "LoadBalancerOptions": {
                "Type": "RoundRobin"
            },
            "ServiceName": "BasicDataWebAPI",
            "UpstreamHttpMethod": [
                "Get",
                "Post"
            ],
            "UpstreamPathTemplate": "/BasicData/swagger.json",
            "UseServiceDiscovery": true
        },
        {
            "DownstreamPathTemplate": "/api/Manufacture/{url}",
            "DownstreamScheme": "http",
            "LoadBalancerOptions": {
                "Type": "RoundRobin"
            },
            "ServiceName": "ManufactureWebAPI",
            "UpstreamHttpMethod": [
                "Get",
                "Post"
            ],
            "UpstreamPathTemplate": "/api/Manufacture/{url}",
            "UseServiceDiscovery": true
        },
        {
            "DownstreamPathTemplate": "/Manufacture/swagger.json",
            "DownstreamScheme": "http",
            "LoadBalancerOptions": {
                "Type": "RoundRobin"
            },
            "ServiceName": "ManufactureWebAPI",
            "UpstreamHttpMethod": [
                "Get",
                "Post"
            ],
            "UpstreamPathTemplate": "/Manufacture/swagger.json",
            "UseServiceDiscovery": true
        },
        {
            "DownstreamPathTemplate": "/api/WMS/{url}",
            "DownstreamScheme": "http",
            "LoadBalancerOptions": {
                "Type": "RoundRobin"
            },
            "ServiceName": "WMSWebAPI",
            "UpstreamHttpMethod": [
                "Get",
                "Post"
            ],
            "UpstreamPathTemplate": "/api/WMS/{url}",
            "UseServiceDiscovery": true
        },
        {
            "DownstreamPathTemplate": "/WMS/swagger.json",
            "DownstreamScheme": "http",
            "LoadBalancerOptions": {
                "Type": "RoundRobin"
            },
            "ServiceName": "WMSWebAPI",
            "UpstreamHttpMethod": [
                "Get",
                "Post"
            ],
            "UpstreamPathTemplate": "/WMS/swagger.json",
            "UseServiceDiscovery": true
        },
        {
            "DownstreamPathTemplate": "/api/ManufactureData/{url}",
            "DownstreamScheme": "http",
            "LoadBalancerOptions": {
                "Type": "RoundRobin"
            },
            "ServiceName": "ManufactureDataWebAPI",
            "UpstreamHttpMethod": [
                "Get",
                "Post"
            ],
            "UpstreamPathTemplate": "/api/ManufactureData/{url}",
            "UseServiceDiscovery": true
        },
        {
            "DownstreamPathTemplate": "/ManufactureData/swagger.json",
            "DownstreamScheme": "http",
            "LoadBalancerOptions": {
                "Type": "RoundRobin"
            },
            "ServiceName": "ManufactureDataWebAPI",
            "UpstreamHttpMethod": [
                "Get",
                "Post"
            ],
            "UpstreamPathTemplate": "/ManufactureData/swagger.json",
            "UseServiceDiscovery": true
        },
        {
            "DownstreamPathTemplate": "/api/Fixture/{url}",
            "DownstreamScheme": "http",
            "LoadBalancerOptions": {
                "Type": "RoundRobin"
            },
            "ServiceName": "FixtureWebAPI",
            "UpstreamHttpMethod": [
                "Get",
                "Post"
            ],
            "UpstreamPathTemplate": "/api/Fixture/{url}",
            "UseServiceDiscovery": true
        },
        {
            "DownstreamPathTemplate": "/Fixture/swagger.json",
            "DownstreamScheme": "http",
            "LoadBalancerOptions": {
                "Type": "RoundRobin"
            },
            "ServiceName": "FixtureWebAPI",
            "UpstreamHttpMethod": [
                "Get",
                "Post"
            ],
            "UpstreamPathTemplate": "/Fixture/swagger.json",
            "UseServiceDiscovery": true
        },
        {
            "DownstreamPathTemplate": "/api/Tooling/{url}",
            "DownstreamScheme": "http",
            "LoadBalancerOptions": {
                "Type": "RoundRobin"
            },
            "ServiceName": "ToolingWebAPI",
            "UpstreamHttpMethod": [
                "Get",
                "Post"
            ],
            "UpstreamPathTemplate": "/api/Tooling/{url}",
            "UseServiceDiscovery": true
        },
        {
            "DownstreamPathTemplate": "/Tooling/swagger.json",
            "DownstreamScheme": "http",
            "LoadBalancerOptions": {
                "Type": "RoundRobin"
            },
            "ServiceName": "ToolingWebAPI",
            "UpstreamHttpMethod": [
                "Get",
                "Post"
            ],
            "UpstreamPathTemplate": "/Tooling/swagger.json",
            "UseServiceDiscovery": true
        },
        {
            "DownstreamPathTemplate": "/api/SpecialMaterial/{url}",
            "DownstreamScheme": "http",
            "LoadBalancerOptions": {
                "Type": "RoundRobin"
            },
            "ServiceName": "SpecialMaterialWebAPI",
            "UpstreamHttpMethod": [
                "Get",
                "Post"
            ],
            "UpstreamPathTemplate": "/api/SpecialMaterial/{url}",
            "UseServiceDiscovery": true
        },
        {
            "DownstreamPathTemplate": "/SpecialMaterial/swagger.json",
            "DownstreamScheme": "http",
            "LoadBalancerOptions": {
                "Type": "RoundRobin"
            },
            "ServiceName": "SpecialMaterialWebAPI",
            "UpstreamHttpMethod": [
                "Get",
                "Post"
            ],
            "UpstreamPathTemplate": "/SpecialMaterial/swagger.json",
            "UseServiceDiscovery": true
        },
        {
            "DownstreamPathTemplate": "/api/ReportForm/{url}",
            "DownstreamScheme": "http",
            "LoadBalancerOptions": {
                "Type": "RoundRobin"
            },
            "ServiceName": "ReportFormWebAPI",
            "UpstreamHttpMethod": [
                "Get",
                "Post"
            ],
            "UpstreamPathTemplate": "/api/ReportForm/{url}",
            "UseServiceDiscovery": true
        },
        {
            "DownstreamPathTemplate": "/ReportForm/swagger.json",
            "DownstreamScheme": "http",
            "LoadBalancerOptions": {
                "Type": "RoundRobin"
            },
            "ServiceName": "ReportFormWebAPI",
            "UpstreamHttpMethod": [
                "Get",
                "Post"
            ],
            "UpstreamPathTemplate": "/ReportForm/swagger.json",
            "UseServiceDiscovery": true
        },
		{
		  "DownstreamPathTemplate": "/api/Report/{url}", 
		  "DownstreamScheme": "http",
		  "UpstreamPathTemplate": "/api/Report/{url}", 
		  "UpstreamHttpMethod": [ "Get", "Post" ],
		  "UseServiceDiscovery": true,
		  "ServiceName": "ReportWebAPI", 
		  "LoadBalancerOptions": {
			"Type": "RoundRobin" 
		  }
		},
		{
		  "DownstreamPathTemplate": "/Report/swagger.json", 
		  "DownstreamScheme": "http",
		  "UpstreamPathTemplate": "/Report/swagger.json", 
		  "UpstreamHttpMethod": [ "Get", "Post" ],
		  "UseServiceDiscovery": true,
		  "ServiceName": "ReportWebAPI", 
		  "LoadBalancerOptions": {
			"Type": "RoundRobin" 
		  }
		},
		{
		  "DownstreamPathTemplate": "/api/ESOP/{url}", 
		  "DownstreamScheme": "http",
		  "UpstreamPathTemplate": "/api/ESOP/{url}", 
		  "UpstreamHttpMethod": [ "Get", "Post" ],
		  "UseServiceDiscovery": true,
		  "ServiceName": "ESOPWebAPI", 
		  "LoadBalancerOptions": {
			"Type": "RoundRobin" 
		  }
		},
		{
		  "DownstreamPathTemplate": "/ESOP/swagger.json", 
		  "DownstreamScheme": "http",
		  "UpstreamPathTemplate": "/ESOP/swagger.json", 
		  "UpstreamHttpMethod": [ "Get", "Post" ],
		  "UseServiceDiscovery": true,
		  "ServiceName": "ESOPWebAPI", 
		  "LoadBalancerOptions": {
			"Type": "RoundRobin" 
		  }
		},
        {
            "DownstreamPathTemplate": "/api/PlatForm/{url}",
            "DownstreamScheme": "http",
            "LoadBalancerOptions": {
                "Type": "RoundRobin"
            },
            "ServiceName": "PlatFormWebAPI",
            "UpstreamHttpMethod": [
                "Get",
                "Post"
            ],
            "UpstreamPathTemplate": "/api/PlatForm/{url}",
            "UseServiceDiscovery": true
        },
        {
            "DownstreamPathTemplate": "/PlatForm/swagger.json",
            "DownstreamScheme": "http",
            "LoadBalancerOptions": {
                "Type": "RoundRobin"
            },
            "ServiceName": "PlatFormWebAPI",
            "UpstreamHttpMethod": [
                "Get",
                "Post"
            ],
            "UpstreamPathTemplate": "/PlatForm/swagger.json",
            "UseServiceDiscovery": true
        },
        {
            "DownstreamPathTemplate": "/api/SRM/{url}",
            "DownstreamScheme": "http",
            "LoadBalancerOptions": {
                "Type": "RoundRobin"
            },
            "ServiceName": "SRMWebAPI",
            "UpstreamHttpMethod": [
                "Get",
                "Post"
            ],
            "UpstreamPathTemplate": "/api/SRM/{url}",
            "UseServiceDiscovery": true
        },
        {
            "DownstreamPathTemplate": "/SRM/swagger.json",
            "DownstreamScheme": "http",
            "LoadBalancerOptions": {
                "Type": "RoundRobin"
            },
            "ServiceName": "SRMWebAPI",
            "UpstreamHttpMethod": [
                "Get",
                "Post"
            ],
            "UpstreamPathTemplate": "/SRM/swagger.json",
            "UseServiceDiscovery": true
        },
        {
            "DownstreamPathTemplate": "/api/QM/{url}",
            "DownstreamScheme": "http",
            "LoadBalancerOptions": {
                "Type": "RoundRobin"
            },
            "ServiceName": "QMWebAPI",
            "UpstreamHttpMethod": [
                "Get",
                "Post"
            ],
            "UpstreamPathTemplate": "/api/QM/{url}",
            "UseServiceDiscovery": true
        },
        {
            "DownstreamPathTemplate": "/QM/swagger.json",
            "DownstreamScheme": "http",
            "LoadBalancerOptions": {
                "Type": "RoundRobin"
            },
            "ServiceName": "QMWebAPI",
            "UpstreamHttpMethod": [
                "Get",
                "Post"
            ],
            "UpstreamPathTemplate": "/QM/swagger.json",
            "UseServiceDiscovery": true
        },
        {
            "DownstreamPathTemplate": "/api/BPM/{url}",
            "DownstreamScheme": "http",
            "LoadBalancerOptions": {
                "Type": "RoundRobin"
            },
            "ServiceName": "BPMWebAPI",
            "UpstreamHttpMethod": [
                "Get",
                "Post"
            ],
            "UpstreamPathTemplate": "/api/BPM/{url}",
            "UseServiceDiscovery": true
        },
        {
            "DownstreamPathTemplate": "/BPM/swagger.json",
            "DownstreamScheme": "http",
            "LoadBalancerOptions": {
                "Type": "RoundRobin"
            },
            "ServiceName": "BPMWebAPI",
            "UpstreamHttpMethod": [
                "Get",
                "Post"
            ],
            "UpstreamPathTemplate": "/BPM/swagger.json",
            "UseServiceDiscovery": true
        },
        {
            "DownstreamPathTemplate": "/api/ShelfData/{url}",
            "DownstreamScheme": "http",
            "LoadBalancerOptions": {
                "Type": "RoundRobin"
            },
            "ServiceName": "ShelfDataWebAPI",
            "UpstreamHttpMethod": [
                "Get",
                "Post"
            ],
            "UpstreamPathTemplate": "/api/ShelfData/{url}",
            "UseServiceDiscovery": true
        },
        {
            "DownstreamPathTemplate": "/ShelfData/swagger.json",
            "DownstreamScheme": "http",
            "LoadBalancerOptions": {
                "Type": "RoundRobin"
            },
            "ServiceName": "ShelfDataWebAPI",
            "UpstreamHttpMethod": [
                "Get",
                "Post"
            ],
            "UpstreamPathTemplate": "/ShelfData/swagger.json",
            "UseServiceDiscovery": true
        },
        {
            "DownstreamPathTemplate": "/api/Andon/{url}",
            "DownstreamScheme": "http",
            "LoadBalancerOptions": {
                "Type": "RoundRobin"
            },
            "ServiceName": "AndonWebAPI",
            "UpstreamHttpMethod": [
                "Get",
                "Post"
            ],
            "UpstreamPathTemplate": "/api/Andon/{url}",
            "UseServiceDiscovery": true
        },
        {
            "DownstreamPathTemplate": "/Andon/swagger.json",
            "DownstreamScheme": "http",
            "LoadBalancerOptions": {
                "Type": "RoundRobin"
            },
            "ServiceName": "AndonWebAPI",
            "UpstreamHttpMethod": [
                "Get",
                "Post"
            ],
            "UpstreamPathTemplate": "/Andon/swagger.json",
            "UseServiceDiscovery": true
        },
        {
            "DownstreamPathTemplate": "/api/File/{url}",
            "DownstreamScheme": "http",
            "LoadBalancerOptions": {
                "Type": "RoundRobin"
            },
            "ServiceName": "FileSystemWebAPI",
            "UpstreamHttpMethod": [
                "Get",
                "Post"
            ],
            "UpstreamPathTemplate": "/api/File/{url}",
            "UseServiceDiscovery": true
        },
        {
            "DownstreamPathTemplate": "/File/swagger.json",
            "DownstreamScheme": "http",
            "LoadBalancerOptions": {
                "Type": "RoundRobin"
            },
            "ServiceName": "FileSystemWebAPI",
            "UpstreamHttpMethod": [
                "Get",
                "Post"
            ],
            "UpstreamPathTemplate": "/File/swagger.json",
            "UseServiceDiscovery": true
        },
        {
            "DownstreamHostAndPorts": [
                {
                    "Host": "192.168.2.49",
                    "Port": 7025
                }
            ],
            "DownstreamPathTemplate": "/api/Notify/{url}",
            "DownstreamScheme": "http",
            "LoadBalancerOptions": {
                "Type": "RoundRobin"
            },
            "UpstreamHttpMethod": [
                "Get",
                "Post"
            ],
            "UpstreamPathTemplate": "/api/Notify/{url}"
        },
        {
            "DownstreamHostAndPorts": [
                {
                    "Host": "192.168.2.49",
                    "Port": 7025
                }
            ],
            "DownstreamPathTemplate": "/Notify/swagger.json",
            "DownstreamScheme": "http",
            "LoadBalancerOptions": {
                "Type": "RoundRobin"
            },
            "UpstreamHttpMethod": [
                "Get",
                "Post"
            ],
            "UpstreamPathTemplate": "/Notify/swagger.json"
        },
        {
            "DownstreamPathTemplate": "/api/TPM/{url}",
            "DownstreamScheme": "http",
            "LoadBalancerOptions": {
                "Type": "RoundRobin"
            },
            "ServiceName": "TPMWebAPI",
            "UpstreamHttpMethod": [
                "Get",
                "Post"
            ],
            "UpstreamPathTemplate": "/api/TPM/{url}",
            "UseServiceDiscovery": true
        },
        {
            "DownstreamPathTemplate": "/TPM/swagger.json",
            "DownstreamScheme": "http",
            "LoadBalancerOptions": {
                "Type": "RoundRobin"
            },
            "ServiceName": "TPMWebAPI",
            "UpstreamHttpMethod": [
                "Get",
                "Post"
            ],
            "UpstreamPathTemplate": "/TPM/swagger.json",
            "UseServiceDiscovery": true
        },
        {
            "DownstreamHostAndPorts": [
                {
                    "Host": "127.0.0.1",
                    "Port": 4000
                }
            ],
            "DownstreamPathTemplate": "/{url}",
            "DownstreamScheme": "ws",
            "UpstreamHttpMethod": [
                "GET",
                "POST",
                "PUT",
                "DELETE",
                "OPTIONS"
            ],
            "UpstreamPathTemplate": "/socket/{url}"
        }
    ]
}
