<?xml version="1.0"?>
<doc>
    <assembly>
        <name>MES.Server.Domain</name>
    </assembly>
    <members>
        <member name="T:MES.Server.Domain.Dto.InDto.PageInDto">
            <summary>
            分页传入对象
            </summary>
        </member>
        <member name="P:MES.Server.Domain.Dto.InDto.PageInDto.PageIndex">
            <summary>
            页索引
            </summary>
        </member>
        <member name="P:MES.Server.Domain.Dto.InDto.PageInDto.PageSize">
            <summary>
            页数量
            </summary>
        </member>
        <member name="P:MES.Server.Domain.Dto.InDto.PageInDto.SearchParameter">
            <summary>
            查询参数
            </summary>
        </member>
        <member name="T:MES.Server.Domain.Dto.OutDto.SelectDto">
            <summary>
            Select对象
            </summary>
        </member>
        <member name="T:MES.Server.Domain.Entity.CommonEntity">
            <summary>
            通用实体
            </summary>
        </member>
        <member name="P:MES.Server.Domain.Entity.CommonEntity.CreateUser">
            <summary>
            创建人
            </summary>
        </member>
        <member name="P:MES.Server.Domain.Entity.CommonEntity.CreateTime">
            <summary>
            创建时间
            </summary>
        </member>
        <member name="P:MES.Server.Domain.Entity.CommonEntity.UpdateUser">
            <summary>
            更新人
            </summary>
        </member>
        <member name="P:MES.Server.Domain.Entity.CommonEntity.UpdateTime">
            <summary>
            更新时间
            </summary>
        </member>
        <member name="P:MES.Server.Domain.Model.APIResponseModel`1.Code">
            <summary>
            响应码
            0--成功
            1--失败
            401--未授权
            </summary>
        </member>
        <member name="P:MES.Server.Domain.Model.APIResponseModel`1.Message">
            <summary>
            返回信息
            </summary>
        </member>
        <member name="P:MES.Server.Domain.Model.APIResponseModel`1.Data">
            <summary>
            数据
            </summary>
        </member>
        <member name="T:MES.Server.Domain.Model.PageModel`1">
            <summary>
            分页对象
            </summary>
        </member>
        <member name="P:MES.Server.Domain.Model.PageModel`1.PageIndex">
            <summary>
            分页索引
            </summary>
        </member>
        <member name="P:MES.Server.Domain.Model.PageModel`1.PageSize">
            <summary>
            分页大小
            </summary>
        </member>
        <member name="P:MES.Server.Domain.Model.PageModel`1.TotalCount">
            <summary>
            总记录数
            </summary>
        </member>
        <member name="P:MES.Server.Domain.Model.PageModel`1.TotalPages">
            <summary>
            总页数
            </summary>
        </member>
        <member name="P:MES.Server.Domain.Model.PageModel`1.DataList">
            <summary>
            返回数据
            </summary>
        </member>
        <member name="P:MES.Server.Domain.Model.UserAccessLogModel.IP">
            <summary>
            发起请求IP地址
            </summary>
        </member>
        <member name="P:MES.Server.Domain.Model.UserAccessLogModel.API">
            <summary>
            API地址
            </summary>
        </member>
        <member name="P:MES.Server.Domain.Model.UserAccessLogModel.BeginTime">
            <summary>
            开始时间
            </summary>
        </member>
        <member name="P:MES.Server.Domain.Model.UserAccessLogModel.ExecuteTime">
            <summary>
            API花费时间(ms)
            </summary>
        </member>
        <member name="P:MES.Server.Domain.Model.UserAccessLogModel.RequetMethod">
            <summary>
            请求方式POST/GET
            </summary>
        </member>
        <member name="P:MES.Server.Domain.Model.UserAccessLogModel.RequestData">
            <summary>
            请求数据
            </summary>
        </member>
        <member name="P:MES.Server.Domain.Model.UserAccessLogModel.Agent">
            <summary>
            代理
            </summary>
        </member>
        <member name="P:MES.Server.Domain.Model.UserInfoModel.APPId">
            <summary>
            APPId
            </summary>
        </member>
        <member name="P:MES.Server.Domain.Model.UserInfoModel.APPName">
            <summary>
            名称
            </summary>
        </member>
        <member name="P:MES.Server.Domain.Model.UserInfoModel.UserId">
            <summary>
            用户Id
            </summary>
        </member>
        <member name="P:MES.Server.Domain.Model.UserInfoModel.UserNo">
            <summary>
            用户编号
            </summary>
        </member>
        <member name="P:MES.Server.Domain.Model.UserInfoModel.UserName">
            <summary>
            用户姓名
            </summary>
        </member>
        <member name="P:MES.Server.Domain.Model.UserInfoModel.LanguageCode">
            <summary>
            语言
            </summary>
        </member>
        <member name="P:MES.Server.Domain.Model.UserInfoModel.Theme">
            <summary>
            主题
            </summary>
        </member>
        <member name="P:MES.Server.Domain.Model.UserInfoModel.ExpireTime">
            <summary>
            过期时间
            </summary>
        </member>
    </members>
</doc>
