<?xml version="1.0"?>
<doc>
    <assembly>
        <name>MES.Server.Gateway.WebAPI</name>
    </assembly>
    <members>
        <member name="T:MES.Server.Gateway.WebAPI.Controllers.AuthorizationController">
            <summary>
            授权接口
            </summary>
        </member>
        <member name="M:MES.Server.Gateway.WebAPI.Controllers.AuthorizationController.GenerateToken(MES.Server.Gateway.Domain.Dto.InDto.APP.APPInDto)">
            <summary>
            创建token
            </summary>
            <param name="appInDTO"></param>
            <returns></returns>
        </member>
        <member name="T:MES.Server.Gateway.WebAPI.Middleware.LicenseMiddleware">
            <summary>
            LicenseMiddleware
            </summary>
        </member>
    </members>
</doc>
